{
    "name": "root",
    "gauges": {
        "CarAgent.Policy.Entropy.mean": {
            "value": 1.4158210754394531,
            "min": 1.174479603767395,
            "max": 2.178488254547119,
            "count": 77
        },
        "CarAgent.Policy.Entropy.sum": {
            "value": 70410.1953125,
            "min": 58756.8671875,
            "max": 110399.25,
            "count": 77
        },
        "CarAgent.Environment.EpisodeLength.mean": {
            "value": 161.15384615384616,
            "min": 81.22383252818035,
            "max": 358.77464788732397,
            "count": 77
        },
        "CarAgent.Environment.EpisodeLength.sum": {
            "value": 50280.0,
            "min": 45440.0,
            "max": 52950.0,
            "count": 77
        },
        "CarAgent.Step.mean": {
            "value": 3849995.0,
            "min": 49948.0,
            "max": 3849995.0,
            "count": 77
        },
        "CarAgent.Step.sum": {
            "value": 3849995.0,
            "min": 49948.0,
            "max": 3849995.0,
            "count": 77
        },
        "CarAgent.Policy.ExtrinsicValueEstimate.mean": {
            "value": 9.633259773254395,
            "min": -36.94681167602539,
            "max": 27.36917495727539,
            "count": 77
        },
        "CarAgent.Policy.ExtrinsicValueEstimate.sum": {
            "value": 5336.82568359375,
            "min": -22870.076171875,
            "max": 17297.318359375,
            "count": 77
        },
        "CarAgent.Environment.CumulativeReward.mean": {
            "value": -3.5488734137973603,
            "min": -224.29787148651502,
            "max": 87.65837172685166,
            "count": 77
        },
        "CarAgent.Environment.CumulativeReward.sum": {
            "value": -1103.699631690979,
            "min": -40650.39981365204,
            "max": 38745.00030326843,
            "count": 77
        },
        "CarAgent.Policy.ExtrinsicReward.mean": {
            "value": -3.5488734137973603,
            "min": -224.29787148651502,
            "max": 87.65837172685166,
            "count": 77
        },
        "CarAgent.Policy.ExtrinsicReward.sum": {
            "value": -1103.699631690979,
            "min": -40650.39981365204,
            "max": 38745.00030326843,
            "count": 77
        },
        "CarAgent.Losses.PolicyLoss.mean": {
            "value": 0.022454676982791473,
            "min": 0.020782360719749707,
            "max": 0.02805941170081496,
            "count": 77
        },
        "CarAgent.Losses.PolicyLoss.sum": {
            "value": 0.11227338491395736,
            "min": 0.0897944498496751,
            "max": 0.1402970585040748,
            "count": 77
        },
        "CarAgent.Losses.ValueLoss.mean": {
            "value": 1063.846981201172,
            "min": 201.93959814707438,
            "max": 1432.392431640625,
            "count": 77
        },
        "CarAgent.Losses.ValueLoss.sum": {
            "value": 5319.23490600586,
            "min": 807.7583925882975,
            "max": 7161.962158203125,
            "count": 77
        },
        "CarAgent.Policy.LearningRate.mean": {
            "value": 0.000185141816286074,
            "min": 0.000185141816286074,
            "max": 0.0002992270352576549,
            "count": 77
        },
        "CarAgent.Policy.LearningRate.sum": {
            "value": 0.00092570908143037,
            "min": 0.0007770165809945201,
            "max": 0.0014891804736065098,
            "count": 77
        },
        "CarAgent.Policy.Epsilon.mean": {
            "value": 0.16171392599999998,
            "min": 0.16171392599999998,
            "max": 0.19974234500000002,
            "count": 77
        },
        "CarAgent.Policy.Epsilon.sum": {
            "value": 0.8085696299999999,
            "min": 0.6590054799999999,
            "max": 0.9963934900000002,
            "count": 77
        },
        "CarAgent.Policy.Beta.mean": {
            "value": 0.0030895249074,
            "min": 0.0030895249074,
            "max": 0.0049871430155,
            "count": 77
        },
        "CarAgent.Policy.Beta.sum": {
            "value": 0.015447624537,
            "min": 0.012964373451999998,
            "max": 0.024820035150999998,
            "count": 77
        },
        "CarAgent.IsTraining.mean": {
            "value": 1.0,
            "min": 1.0,
            "max": 1.0,
            "count": 77
        },
        "CarAgent.IsTraining.sum": {
            "value": 1.0,
            "min": 1.0,
            "max": 1.0,
            "count": 77
        }
    },
    "metadata": {
        "timer_format_version": "0.1.0",
        "start_time_seconds": "1736553870",
        "python_version": "3.8.10 (tags/v3.8.10:3d8993a, May  3 2021, 11:48:03) [MSC v.1928 64 bit (AMD64)]",
        "command_line_arguments": "C:\\Users\\UTENTE\\git\\smart-car\\smart-car\\venv\\Scripts\\mlagents-learn config/trainer_config_001.yaml --run-id=day0110_config001_run002 --force",
        "mlagents_version": "0.29.0",
        "mlagents_envs_version": "0.29.0",
        "communication_protocol_version": "1.5.0",
        "pytorch_version": "2.4.1+cpu",
        "numpy_version": "1.21.2",
        "end_time_seconds": "1736560874"
    },
    "total": 7003.8818594,
    "count": 1,
    "self": 0.00961740000093414,
    "children": {
        "run_training.setup": {
            "total": 0.1206662999999999,
            "count": 1,
            "self": 0.1206662999999999
        },
        "TrainerController.start_learning": {
            "total": 7003.751575699999,
            "count": 1,
            "self": 6.11964499982696,
            "children": {
                "TrainerController._reset_env": {
                    "total": 9.2145107,
                    "count": 1,
                    "self": 9.2145107
                },
                "TrainerController.advance": {
                    "total": 6988.340038900173,
                    "count": 378555,
                    "self": 5.7402904999016755,
                    "children": {
                        "env_step": {
                            "total": 5997.458318600147,
                            "count": 378555,
                            "self": 5530.183780599974,
                            "children": {
                                "SubprocessEnvManager._take_step": {
                                    "total": 463.17142849995855,
                                    "count": 378555,
                                    "self": 15.371855900195214,
                                    "children": {
                                        "TorchPolicy.evaluate": {
                                            "total": 447.79957259976334,
                                            "count": 352926,
                                            "self": 94.22455829987712,
                                            "children": {
                                                "TorchPolicy.sample_actions": {
                                                    "total": 353.5750142998862,
                                                    "count": 352926,
                                                    "self": 353.5750142998862
                                                }
                                            }
                                        }
                                    }
                                },
                                "workers": {
                                    "total": 4.103109500214435,
                                    "count": 378554,
                                    "self": 0.0,
                                    "children": {
                                        "worker_root": {
                                            "total": 6863.367807999916,
                                            "count": 378554,
                                            "is_parallel": true,