{
    "name": "root",
    "gauges": {
        "CarAgent.Policy.Entropy.mean": {
            "value": 1.6725713014602661,
            "min": 1.3614444732666016,
            "max": 2.1755828857421875,
            "count": 51
        },
        "CarAgent.Policy.Entropy.sum": {
            "value": 83628.5625,
            "min": 68072.2265625,
            "max": 109540.59375,
            "count": 51
        },
        "CarAgent.Step.mean": {
            "value": 2549919.0,
            "min": 49965.0,
            "max": 2549919.0,
            "count": 51
        },
        "CarAgent.Step.sum": {
            "value": 2549919.0,
            "min": 49965.0,
            "max": 2549919.0,
            "count": 51
        },
        "CarAgent.Policy.ExtrinsicValueEstimate.mean": {
            "value": -73.57318115234375,
            "min": -310.69000244140625,
            "max": -65.44895935058594,
            "count": 51
        },
        "CarAgent.Policy.ExtrinsicValueEstimate.sum": {
            "value": -29429.271484375,
            "min": -131421.875,
            "max": -27078.34765625,
            "count": 51
        },
        "CarAgent.Environment.EpisodeLength.mean": {
            "value": 995.92,
            "min": 391.6209677419355,
            "max": 999.0,
            "count": 51
        },
        "CarAgent.Environment.EpisodeLength.sum": {
            "value": 49796.0,
            "min": 48363.0,
            "max": 51459.0,
            "count": 51
        },
        "CarAgent.Environment.CumulativeReward.mean": {
            "value": -807.9840008163452,
            "min": -3131.6266089716264,
            "max": -635.871999759674,
            "count": 51
        },
        "CarAgent.Environment.CumulativeReward.sum": {
            "value": -40399.20004081726,
            "min": -388321.6995124817,
            "max": -31793.599987983704,
            "count": 51
        },
        "CarAgent.Policy.ExtrinsicReward.mean": {
            "value": -807.9840008163452,
            "min": -3131.6266089716264,
            "max": -635.871999759674,
            "count": 51
        },
        "CarAgent.Policy.ExtrinsicReward.sum": {
            "value": -40399.20004081726,
            "min": -388321.6995124817,
            "max": -31793.599987983704,
            "count": 51
        },
        "CarAgent.Losses.PolicyLoss.mean": {
            "value": 0.02334764041588642,
            "min": 0.020848810353005925,
            "max": 0.02724895499491443,
            "count": 51
        },
        "CarAgent.Losses.PolicyLoss.sum": {
            "value": 0.09339056166354567,
            "min": 0.08723226013438155,
            "max": 0.13624477497457216,
            "count": 51
        },
        "CarAgent.Losses.ValueLoss.mean": {
            "value": 515.1369525909423,
            "min": 222.03193781534827,
            "max": 21507.137369791668,
            "count": 51
        },
        "CarAgent.Losses.ValueLoss.sum": {
            "value": 2060.5478103637693,
            "min": 1110.1596890767414,
            "max": 86028.54947916667,
            "count": 51
        },
        "CarAgent.Policy.LearningRate.mean": {
            "value": 0.00022425571024810504,
            "min": 0.00022425571024810504,
            "max": 0.000299227305257565,
            "count": 51
        },
        "CarAgent.Policy.LearningRate.sum": {
            "value": 0.0008970228409924202,
            "min": 0.0008970228409924202,
            "max": 0.0014891814036062001,
            "count": 51
        },
        "CarAgent.Policy.Epsilon.mean": {
            "value": 0.174751895,
            "min": 0.174751895,
            "max": 0.19974243500000005,
            "count": 51
        },
        "CarAgent.Policy.Epsilon.sum": {
            "value": 0.69900758,
            "min": 0.69900758,
            "max": 0.9963938,
            "count": 51
        },
        "CarAgent.Policy.Beta.mean": {
            "value": 0.0037401195604999994,
            "min": 0.0037401195604999994,
            "max": 0.0049871475065,
            "count": 51
        },
        "CarAgent.Policy.Beta.sum": {
            "value": 0.014960478241999997,
            "min": 0.014960478241999997,
            "max": 0.024820050620000002,
            "count": 51
        },
        "CarAgent.IsTraining.mean": {
            "value": 1.0,
            "min": 1.0,
            "max": 1.0,
            "count": 51
        },
        "CarAgent.IsTraining.sum": {
            "value": 1.0,
            "min": 1.0,
            "max": 1.0,
            "count": 51
        }
    },
    "metadata": {
        "timer_format_version": "0.1.0",
        "start_time_seconds": "1736606223",
        "python_version": "3.10.11 (tags/v3.10.11:7d4cc5a, Apr  5 2023, 00:38:17) [MSC v.1929 64 bit (AMD64)]",
        "command_line_arguments": "C:\\Users\\UTENTE\\Documents\\GitHub\\smart-car\\smart-car\\venv\\Scripts\\mlagents-learn config/trainer_config_001.yaml --run-id=day0111_config001_run004 --force",
        "mlagents_version": "1.1.0",
        "mlagents_envs_version": "1.1.0",
        "communication_protocol_version": "1.5.0",
        "pytorch_version": "2.5.1+cpu",
        "numpy_version": "1.23.5",
        "end_time_seconds": "1736610665"
    },
    "total": 4441.992540800001,
    "count": 1,
    "self": 0.05044550000002346,
    "children": {
        "run_training.setup": {
            "total": 0.1037175000001298,
            "count": 1,
            "self": 0.1037175000001298
        },
        "TrainerController.start_learning": {
            "total": 4441.838377800001,
            "count": 1,
            "self": 6.977635400113286,
            "children": {
                "TrainerController._reset_env": {
                    "total": 7.8223265000005995,
                    "count": 1,
                    "self": 7.8223265000005995
                },
                "TrainerController.advance": {
                    "total": 4427.023756499887,
                    "count": 521558,
                    "self": 6.399035599903982,
                    "children": {
                        "env_step": {
                            "total": 3767.1551567000342,
                            "count": 521558,
                            "self": 3114.4475396006846,
                            "children": {
                                "SubprocessEnvManager._take_step": {
                                    "total": 647.6263214993251,
                                    "count": 521558,
                                    "self": 18.74130679969312,
                                    "children": {
                                        "TorchPolicy.evaluate": {
                                            "total": 628.8850146996319,
                                            "count": 520042,
                                            "self": 628.8850146996319
                                        }
                                    }
                                },
                                "workers": {
                                    "total": 5.081295600024532,
                                    "count": 521558,
                                    "self": 0.0,
                                    "children": {
                                        "worker_root": {
                                            "total": 4423.33171989984,
                                            "count": 521558,
                                            "is_parallel": true,
                                            "self": 1727.3400165992553,
                                            "children": {
                                                "steps_from_proto": {
                                                    "total": 0.00035089999983028974,
                                                    "count": 1,
                                                    "is_parallel": true,