{
    "name": "root",
    "gauges": {
        "CarAgent.Policy.Entropy.mean": {
            "value": 0.8205352425575256,
            "min": 0.8205352425575256,
            "max": 2.178095817565918,
            "count": 32
        },
        "CarAgent.Policy.Entropy.sum": {
            "value": 41026.76171875,
            "min": 41026.76171875,
            "max": 109275.0625,
            "count": 32
        },
        "CarAgent.Step.mean": {
            "value": 1599897.0,
            "min": 49888.0,
            "max": 1599897.0,
            "count": 32
        },
        "CarAgent.Step.sum": {
            "value": 1599897.0,
            "min": 49888.0,
            "max": 1599897.0,
            "count": 32
        },
        "CarAgent.Policy.ExtrinsicValueEstimate.mean": {
            "value": 0.12172866612672806,
            "min": -204.5136260986328,
            "max": 1.4578044414520264,
            "count": 32
        },
        "CarAgent.Policy.ExtrinsicValueEstimate.sum": {
            "value": 48.69146728515625,
            "min": -81805.453125,
            "max": 583.1217651367188,
            "count": 32
        },
        "CarAgent.Environment.EpisodeLength.mean": {
            "value": 999.0,
            "min": 896.811320754717,
            "max": 999.0,
            "count": 32
        },
        "CarAgent.Environment.EpisodeLength.sum": {
            "value": 49950.0,
            "min": 47531.0,
            "max": 50421.0,
            "count": 32
        },
        "CarAgent.Environment.CumulativeReward.mean": {
            "value": 0.0,
            "min": -6698.750916624969,
            "max": 0.0,
            "count": 32
        },
        "CarAgent.Environment.CumulativeReward.sum": {
            "value": 0.0,
            "min": -355033.79858112335,
            "max": 0.0,
            "count": 32
        },
        "CarAgent.Policy.ExtrinsicReward.mean": {
            "value": 0.0,
            "min": -6698.750916624969,
            "max": 0.0,
            "count": 32
        },
        "CarAgent.Policy.ExtrinsicReward.sum": {
            "value": 0.0,
            "min": -355033.79858112335,
            "max": 0.0,
            "count": 32
        },
        "CarAgent.Losses.PolicyLoss.mean": {
            "value": 0.022462653170029323,
            "min": 0.020891073502910633,
            "max": 0.0266697019416218,
            "count": 32
        },
        "CarAgent.Losses.PolicyLoss.sum": {
            "value": 0.11231326585014662,
            "min": 0.08869900126398231,
            "max": 0.133348509708109,
            "count": 32
        },
        "CarAgent.Losses.ValueLoss.mean": {
            "value": 0.4055907485882441,
            "min": 0.4055907485882441,
            "max": 20605.966642252606,
            "count": 32
        },
        "CarAgent.Losses.ValueLoss.sum": {
            "value": 2.0279537429412207,
            "min": 2.0279537429412207,
            "max": 82423.86656901042,
            "count": 32
        },
        "CarAgent.Policy.LearningRate.mean": {
            "value": 0.00025279649773450596,
            "min": 0.00025279649773450596,
            "max": 0.00029922739525753504,
            "count": 32
        },
        "CarAgent.Policy.LearningRate.sum": {
            "value": 0.0012639824886725298,
            "min": 0.0010290678569774,
            "max": 0.0014891851236049601,
            "count": 32
        },
        "CarAgent.Policy.Epsilon.mean": {
            "value": 0.18426549399999997,
            "min": 0.18426549399999997,
            "max": 0.19974246499999998,
            "count": 32
        },
        "CarAgent.Policy.Epsilon.sum": {
            "value": 0.9213274699999999,
            "min": 0.7430226000000002,
            "max": 0.99639504,
            "count": 32
        },
        "CarAgent.Policy.Beta.mean": {
            "value": 0.0042148481506,
            "min": 0.0042148481506,
            "max": 0.0049871490035,
            "count": 32
        },
        "CarAgent.Policy.Beta.sum": {
            "value": 0.021074240753,
            "min": 0.01715682774,
            "max": 0.024820112496,
            "count": 32
        },
        "CarAgent.IsTraining.mean": {
            "value": 1.0,
            "min": 1.0,
            "max": 1.0,
            "count": 32
        },
        "CarAgent.IsTraining.sum": {
            "value": 1.0,
            "min": 1.0,
            "max": 1.0,
            "count": 32
        }
    },
    "metadata": {
        "timer_format_version": "0.1.0",
        "start_time_seconds": "1736600819",
        "python_version": "3.8.10 (tags/v3.8.10:3d8993a, May  3 2021, 11:48:03) [MSC v.1928 64 bit (AMD64)]",
        "command_line_arguments": "C:\\Users\\UTENTE\\git\\smart-car\\smart-car\\venv\\Scripts\\mlagents-learn config/trainer_config_001.yaml --run-id=day0111_config001_run004 --force",
        "mlagents_version": "0.29.0",
        "mlagents_envs_version": "0.29.0",
        "communication_protocol_version": "1.5.0",
        "pytorch_version": "2.4.1+cpu",
        "numpy_version": "1.21.2",
        "end_time_seconds": "1736604788"
    },
    "total": 3968.6083405000004,
    "count": 1,
    "self": 0.01170040000033623,
    "children": {
        "run_training.setup": {
            "total": 0.12429259999999998,
            "count": 1,
            "self": 0.12429259999999998
        },
        "TrainerController.start_learning": {
            "total": 3968.4723475,
            "count": 1,
            "self": 5.185039400005735,
            "children": {
                "TrainerController._reset_env": {
                    "total": 10.316716200000002,
                    "count": 1,
                    "self": 10.316716200000002
                },
                "TrainerController.advance": {
                    "total": 3952.8895828999944,
                    "count": 325440,
                    "self": 4.93385489997263,
                    "children": {
                        "env_step": {
                            "total": 3527.81890770002,
                            "count": 325440,
                            "self": 3102.7564766000655,
                            "children": {
                                "SubprocessEnvManager._take_step": {
                                    "total": 421.5293518000383,
                                    "count": 325440,
                                    "self": 13.745428899928356,
                                    "children": {
                                        "TorchPolicy.evaluate": {
                                            "total": 407.7839229001099,
                                            "count": 324137,
                                            "self": 87.40348460024393,
                                            "children": {
                                                "TorchPolicy.sample_actions": {
                                                    "total": 320.380438299866,
                                                    "count": 324137,
                                                    "self": 320.380438299866
                                                }
                                            }
                                        }
                                    }
                                },
                                "workers": {
                                    "total": 3.533079299916249,
                                    "count": 325439,
                                    "self": 0.0,
                                    "children": {
                                        "worker_root": {
                                            "total": 3887.6477562998134,
                                            "count": 325439,
                                            "is_parallel": true,
                                            "self": 1152.6358907999115,