{
    "name": "root",
    "gauges": {
        "CarAgent.Policy.Entropy.mean": {
            "value": 1.3651355504989624,
            "min": 1.3651355504989624,
            "max": 1.6100308895111084,
            "count": 3
        },
        "CarAgent.Policy.Entropy.sum": {
            "value": 34819.1484375,
            "min": 5358.1826171875,
            "max": 35299.9921875,
            "count": 3
        },
        "CarAgent.IsTraining.mean": {
            "value": 1.0,
            "min": 1.0,
            "max": 1.0,
            "count": 3
        },
        "CarAgent.IsTraining.sum": {
            "value": 1.0,
            "min": 1.0,
            "max": 1.0,
            "count": 3
        },
        "CarAgent.Step.mean": {
            "value": 1049969.0,
            "min": 1024752.0,
            "max": 1049969.0,
            "count": 2
        },
        "CarAgent.Step.sum": {
            "value": 1049969.0,
            "min": 1024752.0,
            "max": 1049969.0,
            "count": 2
        },
        "CarAgent.Policy.ExtrinsicValueEstimate.mean": {
            "value": -8.17960262298584,
            "min": -8.17960262298584,
            "max": -2.0382933616638184,
            "count": 2
        },
        "CarAgent.Policy.ExtrinsicValueEstimate.sum": {
            "value": -891.5767211914062,
            "min": -891.5767211914062,
            "max": -218.09739685058594,
            "count": 2
        },
        "CarAgent.Policy.CuriosityValueEstimate.mean": {
            "value": 0.20472677052021027,
            "min": 0.19993145763874054,
            "max": 0.20472677052021027,
            "count": 2
        },
        "CarAgent.Policy.CuriosityValueEstimate.sum": {
            "value": 22.315217971801758,
            "min": 21.39266586303711,
            "max": 22.315217971801758,
            "count": 2
        },
        "CarAgent.Environment.EpisodeLength.mean": {
            "value": 1196.235294117647,
            "min": 834.0454545454545,
            "max": 1196.235294117647,
            "count": 2
        },
        "CarAgent.Environment.EpisodeLength.sum": {
            "value": 20336.0,
            "min": 18349.0,
            "max": 20336.0,
            "count": 2
        },
        "CarAgent.Environment.CumulativeReward.mean": {
            "value": -134.4247125457315,
            "min": -134.4247125457315,
            "max": -124.2213675217195,
            "count": 2
        },
        "CarAgent.Environment.CumulativeReward.sum": {
            "value": -2285.2201132774353,
            "min": -2732.870085477829,
            "max": -2285.2201132774353,
            "count": 2
        },
        "CarAgent.Policy.ExtrinsicReward.mean": {
            "value": -134.4247125457315,
            "min": -134.4247125457315,
            "max": -124.2213675217195,
            "count": 2
        },
        "CarAgent.Policy.ExtrinsicReward.sum": {
            "value": -2285.2201132774353,
            "min": -2732.870085477829,
            "max": -2285.2201132774353,
            "count": 2
        },
        "CarAgent.Policy.CuriosityReward.mean": {
            "value": 1.8816438105833881,
            "min": 0.09092043340206146,
            "max": 1.8816438105833881,
            "count": 2
        },
        "CarAgent.Policy.CuriosityReward.sum": {
            "value": 31.987944779917598,
            "min": 2.000249534845352,
            "max": 31.987944779917598,
            "count": 2
        },
        "CarAgent.Losses.PolicyLoss.mean": {
            "value": 0.03802785684155034,
            "min": 0.03802785684155034,
            "max": 0.041945468892143775,
            "count": 2
        },
        "CarAgent.Losses.PolicyLoss.sum": {
            "value": 0.03802785684155034,
            "min": 0.03802785684155034,
            "max": 0.041945468892143775,
            "count": 2
        },
        "CarAgent.Losses.ValueLoss.mean": {
            "value": 7.831716428484236,
            "min": 5.177918822424752,
            "max": 7.831716428484236,
            "count": 2
        },
        "CarAgent.Losses.ValueLoss.sum": {
            "value": 7.831716428484236,
            "min": 5.177918822424752,
            "max": 7.831716428484236,
            "count": 2
        },
        "CarAgent.Policy.LearningRate.mean": {
            "value": 0.00048958795208241,
            "min": 0.00048958795208241,
            "max": 0.0004897949320410139,
            "count": 2
        },
        "CarAgent.Policy.LearningRate.sum": {
            "value": 0.00048958795208241,
            "min": 0.00048958795208241,
            "max": 0.0004897949320410139,
            "count": 2
        },
        "CarAgent.Policy.Epsilon.mean": {
            "value": 0.98125831,
            "min": 0.98125831,
            "max": 0.9816308740000003,
            "count": 2
        },
        "CarAgent.Policy.Epsilon.sum": {
            "value": 0.98125831,
            "min": 0.98125831,
            "max": 0.9816308740000003,
            "count": 2
        },
        "CarAgent.Policy.Beta.mean": {
            "value": 0.019583726240999993,
            "min": 0.019583726240999993,
            "max": 0.019592001301399996,
            "count": 2
        },
        "CarAgent.Policy.Beta.sum": {
            "value": 0.019583726240999993,
            "min": 0.019583726240999993,
            "max": 0.019592001301399996,
            "count": 2
        },
        "CarAgent.Losses.CuriosityForwardLoss.mean": {
            "value": 0.03326189088236008,
            "min": 0.03326189088236008,
            "max": 0.04104753449293119,
            "count": 2
        },
        "CarAgent.Losses.CuriosityForwardLoss.sum": {
            "value": 0.03326189088236008,
            "min": 0.03326189088236008,
            "max": 0.04104753449293119,
            "count": 2
        },
        "CarAgent.Losses.CuriosityInverseLoss.mean": {
            "value": 0.36647360282284874,
            "min": 0.36647360282284874,
            "max": 0.3783319890499115,
            "count": 2
        },
        "CarAgent.Losses.CuriosityInverseLoss.sum": {
            "value": 0.36647360282284874,
            "min": 0.36647360282284874,
            "max": 0.3783319890499115,
            "count": 2
        }
    },
    "metadata": {
        "timer_format_version": "0.1.0",
        "start_time_seconds": "1738425358",
        "python_version": "3.8.10 (tags/v3.8.10:3d8993a, May  3 2021, 11:48:03) [MSC v.1928 64 bit (AMD64)]",
        "command_line_arguments": "C:\\Users\\UTENTE\\git\\smart-car\\smart-car\\venv\\Scripts\\mlagents-learn config/trainer_config_009.yaml --resume --run-id=day0201_config009_run002",
        "mlagents_version": "0.29.0",
        "mlagents_envs_version": "0.29.0",
        "communication_protocol_version": "1.5.0",
        "pytorch_version": "2.4.1+cpu",
        "numpy_version": "1.21.2",
        "end_time_seconds": "1738425465"
    },
    "total": 106.7225591,
    "count": 1,
    "self": 0.007601199999996311,
    "children": {
        "run_training.setup": {
            "total": 0.15049460000000003,
            "count": 1,
            "self": 0.15049460000000003
        },
        "TrainerController.start_learning": {
            "total": 106.5644633,
            "count": 1,
            "self": 0.09175709999951209,
            "children": {
                "TrainerController._reset_env": {
                    "total": 6.927593999999999,
                    "count": 1,
                    "self": 6.927593999999999
                },
                "TrainerController.advance": {
                    "total": 99.4434416000005,
                    "count": 4894,
                    "self": 0.0873803999997449,
                    "children": {
                        "env_step": {
                            "total": 59.47111460000063,
                            "count": 4894,
                            "self": 51.72550820000005,