{
    "name": "root",
    "gauges": {
        "CarAgent.Policy.Entropy.mean": {
            "value": 1.9804173707962036,
            "min": 1.9493050575256348,
            "max": 2.1698031425476074,
            "count": 122
        },
        "CarAgent.Policy.Entropy.sum": {
            "value": 48955.91796875,
            "min": 48420.73828125,
            "max": 55229.609375,
            "count": 122
        },
        "CarAgent.Environment.EpisodeLength.mean": {
            "value": 2599.0,
            "min": 308.65384615384613,
            "max": 2599.0,
            "count": 122
        },
        "CarAgent.Environment.EpisodeLength.sum": {
            "value": 20792.0,
            "min": 20055.0,
            "max": 31973.0,
            "count": 122
        },
        "CarAgent.Step.mean": {
            "value": 3049772.0,
            "min": 24921.0,
            "max": 3049772.0,
            "count": 122
        },
        "CarAgent.Step.sum": {
            "value": 3049772.0,
            "min": 24921.0,
            "max": 3049772.0,
            "count": 122
        },
        "CarAgent.Policy.ExtrinsicValueEstimate.mean": {
            "value": 10.711624145507812,
            "min": -32.11317443847656,
            "max": 16.88230323791504,
            "count": 122
        },
        "CarAgent.Policy.ExtrinsicValueEstimate.sum": {
            "value": 1114.0089111328125,
            "min": -3628.78857421875,
            "max": 1789.5240478515625,
            "count": 122
        },
        "CarAgent.Policy.CuriosityValueEstimate.mean": {
            "value": -0.09321950376033783,
            "min": -0.7728359699249268,
            "max": 12.41709041595459,
            "count": 122
        },
        "CarAgent.Policy.CuriosityValueEstimate.sum": {
            "value": -9.694828033447266,
            "min": -117.4710693359375,
            "max": 1788.06103515625,
            "count": 122
        },
        "CarAgent.Environment.CumulativeReward.mean": {
            "value": 323.90675354003906,
            "min": -342.8034980773926,
            "max": 469.7295376194848,
            "count": 122
        },
        "CarAgent.Environment.CumulativeReward.sum": {
            "value": 2591.2540283203125,
            "min": -12883.255983352661,
            "max": 4406.371965646744,
            "count": 122
        },
        "CarAgent.Policy.ExtrinsicReward.mean": {
            "value": 323.90675354003906,
            "min": -342.8034980773926,
            "max": 469.7295376194848,
            "count": 122
        },
        "CarAgent.Policy.ExtrinsicReward.sum": {
            "value": 2591.2540283203125,
            "min": -12883.255983352661,
            "max": 4406.371965646744,
            "count": 122
        },
        "CarAgent.Policy.CuriosityReward.mean": {
            "value": 1.3321008074562997,
            "min": 1.3321008074562997,
            "max": 93.51831651345277,
            "count": 122
        },
        "CarAgent.Policy.CuriosityReward.sum": {
            "value": 10.656806459650397,
            "min": 10.656806459650397,
            "max": 7294.428688049316,
            "count": 122
        },
        "CarAgent.Losses.PolicyLoss.mean": {
            "value": 0.020124951127218082,
            "min": 0.0198521489452105,
            "max": 0.02933787762470144,
            "count": 122
        },
        "CarAgent.Losses.PolicyLoss.sum": {
            "value": 0.040249902254436164,
            "min": 0.039704297890421,
            "max": 0.08032224954305484,
            "count": 122
        },
        "CarAgent.Losses.ValueLoss.mean": {
            "value": 22.102082123075213,
            "min": 13.04998094694955,
            "max": 46.428905105590815,
            "count": 122
        },
        "CarAgent.Losses.ValueLoss.sum": {
            "value": 44.20416424615043,
            "min": 26.0999618938991,
            "max": 98.84701775142125,
            "count": 122
        },
        "CarAgent.Policy.LearningRate.mean": {
            "value": 0.0002817649500783521,
            "min": 0.0002817649500783521,
            "max": 0.0002999070270309909,
            "count": 122
        },
        "CarAgent.Policy.LearningRate.sum": {
            "value": 0.0005635299001567042,
            "min": 0.0005635299001567042,
            "max": 0.0008988805023731661,
            "count": 122
        },
        "CarAgent.Policy.Epsilon.mean": {
            "value": 0.09999999999999996,
            "min": 0.09999999999999996,
            "max": 0.09999999999999996,
            "count": 122
        },
        "CarAgent.Policy.Epsilon.sum": {
            "value": 0.19999999999999993,
            "min": 0.19999999999999993,
            "max": 0.2999999999999999,
            "count": 122
        },
        "CarAgent.Policy.Beta.mean": {
            "value": 0.0093927726352,
            "min": 0.0093927726352,
            "max": 0.009996903999099999,
            "count": 122
        },
        "CarAgent.Policy.Beta.sum": {
            "value": 0.0187855452704,
            "min": 0.0187855452704,
            "max": 0.0299627207166,
            "count": 122
        },
        "CarAgent.Losses.CuriosityForwardLoss.mean": {
            "value": 0.011634548580540078,
            "min": 0.011634548580540078,
            "max": 452.84488193307607,
            "count": 122
        },
        "CarAgent.Losses.CuriosityForwardLoss.sum": {
            "value": 0.023269097161080155,
            "min": 0.023269097161080155,
            "max": 905.6897638661521,
            "count": 122
        },
        "CarAgent.Losses.CuriosityInverseLoss.mean": {
            "value": 0.37548175368990216,
            "min": 0.3511732691810245,
            "max": 2.560887394632612,
            "count": 122
        },
        "CarAgent.Losses.CuriosityInverseLoss.sum": {
            "value": 0.7509635073798043,
            "min": 0.7027112092290606,
            "max": 5.121774789265224,
            "count": 122
        },
        "CarAgent.IsTraining.mean": {
            "value": 1.0,
            "min": 1.0,
            "max": 1.0,
            "count": 122
        },
        "CarAgent.IsTraining.sum": {
            "value": 1.0,
            "min": 1.0,
            "max": 1.0,
            "count": 122
        }
    },
    "metadata": {
        "timer_format_version": "0.1.0",
        "start_time_seconds": "1738692449",
        "python_version": "3.8.10 (tags/v3.8.10:3d8993a, May  3 2021, 11:48:03) [MSC v.1928 64 bit (AMD64)]",
        "command_line_arguments": "C:\\Users\\UTENTE\\git\\smart-car\\smart-car\\venv\\Scripts\\mlagents-learn config/trainer_config_012.yaml --run-id=day0204_config012_run002",
        "mlagents_version": "0.29.0",
        "mlagents_envs_version": "0.29.0",
        "communication_protocol_version": "1.5.0",
        "pytorch_version": "2.4.1+cpu",
        "numpy_version": "1.21.2",
        "end_time_seconds": "1738702385"
    },
    "total": 9936.1764499,
    "count": 1,
    "self": 0.022925400000531226,
    "children": {
        "run_training.setup": {
            "total": 0.16853539999999967,
            "count": 1,
            "self": 0.16853539999999967
        },
        "TrainerController.start_learning": {
            "total": 9935.9849891,
            "count": 1,
            "self": 10.339822200385242,
            "children": {
                "TrainerController._reset_env": {
                    "total": 28.834456299999996,
                    "count": 1,
                    "self": 28.834456299999996
                },
                "TrainerController.advance": {
                    "total": 9896.689845699615,
                    "count": 612353,
                    "self": 9.93599349910619,
                    "children": {
                        "env_step": {
                            "total": 7087.698809000365,
                            "count": 612353,
                            "self": 6235.099443400874,