{
    "name": "root",
    "gauges": {
        "CarAgent.Policy.Entropy.mean": {
            "value": 1.038549542427063,
            "min": 0.9053874611854553,
            "max": 2.1077756881713867,
            "count": 95
        },
        "CarAgent.Policy.Entropy.sum": {
            "value": 51885.93359375,
            "min": 45272.08984375,
            "max": 105409.859375,
            "count": 95
        },
        "CarAgent.Environment.EpisodeLength.mean": {
            "value": 84.1107325383305,
            "min": 73.94610778443113,
            "max": 155.19003115264798,
            "count": 95
        },
        "CarAgent.Environment.EpisodeLength.sum": {
            "value": 49373.0,
            "min": 49289.0,
            "max": 49816.0,
            "count": 95
        },
        "CarAgent.Step.mean": {
            "value": 4749922.0,
            "min": 49980.0,
            "max": 4749922.0,
            "count": 95
        },
        "CarAgent.Step.sum": {
            "value": 4749922.0,
            "min": 49980.0,
            "max": 4749922.0,
            "count": 95
        },
        "CarAgent.Policy.ExtrinsicValueEstimate.mean": {
            "value": -19.21121597290039,
            "min": -43.20289993286133,
            "max": -15.842864036560059,
            "count": 95
        },
        "CarAgent.Policy.ExtrinsicValueEstimate.sum": {
            "value": -11526.7294921875,
            "min": -24539.24609375,
            "max": -9901.7900390625,
            "count": 95
        },
        "CarAgent.Environment.CumulativeReward.mean": {
            "value": -49.02708683631286,
            "min": -143.47843628525735,
            "max": -45.60498337893142,
            "count": 95
        },
        "CarAgent.Environment.CumulativeReward.sum": {
            "value": -28778.89997291565,
            "min": -65689.39979171753,
            "max": -26233.00030517578,
            "count": 95
        },
        "CarAgent.Policy.ExtrinsicReward.mean": {
            "value": -49.02708683631286,
            "min": -143.47843628525735,
            "max": -45.60498337893142,
            "count": 95
        },
        "CarAgent.Policy.ExtrinsicReward.sum": {
            "value": -28778.89997291565,
            "min": -65689.39979171753,
            "max": -26233.00030517578,
            "count": 95
        },
        "CarAgent.Losses.PolicyLoss.mean": {
            "value": 0.022199977072887123,
            "min": 0.018755198681416608,
            "max": 0.028683283147402105,
            "count": 95
        },
        "CarAgent.Losses.PolicyLoss.sum": {
            "value": 0.08879990829154849,
            "min": 0.08490732791057477,
            "max": 0.14341641573701053,
            "count": 95
        },
        "CarAgent.Losses.ValueLoss.mean": {
            "value": 16.19966433842977,
            "min": 13.666341280937194,
            "max": 316.7871029535929,
            "count": 95
        },
        "CarAgent.Losses.ValueLoss.sum": {
            "value": 64.79865735371908,
            "min": 54.66536512374878,
            "max": 1267.1484118143717,
            "count": 95
        },
        "CarAgent.Policy.LearningRate.mean": {
            "value": 0.00015824826225059504,
            "min": 0.00015824826225059504,
            "max": 0.0002992288427570525,
            "count": 95
        },
        "CarAgent.Policy.LearningRate.sum": {
            "value": 0.0006329930490023802,
            "min": 0.0006329930490023802,
            "max": 0.00148920513359829,
            "count": 95
        },
        "CarAgent.Policy.Epsilon.mean": {
            "value": 0.152749405,
            "min": 0.152749405,
            "max": 0.19974294749999996,
            "count": 95
        },
        "CarAgent.Policy.Epsilon.sum": {
            "value": 0.61099762,
            "min": 0.61099762,
            "max": 0.99640171,
            "count": 95
        },
        "CarAgent.Policy.Beta.mean": {
            "value": 0.0026421953095000002,
            "min": 0.0026421953095000002,
            "max": 0.00498717308025,
            "count": 95
        },
        "CarAgent.Policy.Beta.sum": {
            "value": 0.010568781238000001,
            "min": 0.010568781238000001,
            "max": 0.024820445329000004,
            "count": 95
        },
        "CarAgent.IsTraining.mean": {
            "value": 1.0,
            "min": 1.0,
            "max": 1.0,
            "count": 95
        },
        "CarAgent.IsTraining.sum": {
            "value": 1.0,
            "min": 1.0,
            "max": 1.0,
            "count": 95
        }
    },
    "metadata": {
        "timer_format_version": "0.1.0",
        "start_time_seconds": "1737230672",
        "python_version": "3.8.10 (tags/v3.8.10:3d8993a, May  3 2021, 11:48:03) [MSC v.1928 64 bit (AMD64)]",
        "command_line_arguments": "C:\\Users\\UTENTE\\git\\smart-car\\smart-car\\venv\\Scripts\\mlagents-learn config/trainer_config_001.yaml --force --run-id=day0118_config001_run001",
        "mlagents_version": "0.29.0",
        "mlagents_envs_version": "0.29.0",
        "communication_protocol_version": "1.5.0",
        "pytorch_version": "2.4.1+cpu",
        "numpy_version": "1.21.2",
        "end_time_seconds": "1737268415"
    },
    "total": 37742.4252447,
    "count": 1,
    "self": 0.011285500004305504,
    "children": {
        "run_training.setup": {
            "total": 0.12811590000000006,
            "count": 1,
            "self": 0.12811590000000006
        },
        "TrainerController.start_learning": {
            "total": 37742.2858433,
            "count": 1,
            "self": 73.11619410001731,
            "children": {
                "TrainerController._reset_env": {
                    "total": 3.9255064,
                    "count": 1,
                    "self": 3.9255064
                },
                "TrainerController.advance": {
                    "total": 37665.16466089998,
                    "count": 4815594,
                    "self": 69.74789610091102,
                    "children": {
                        "env_step": {
                            "total": 36224.81652339938,
                            "count": 4815594,
                            "self": 30219.144800103735,
                            "children": {
                                "SubprocessEnvManager._take_step": {
                                    "total": 5953.053987198044,
                                    "count": 4815594,
                                    "self": 187.1738659024577,
                                    "children": {
                                        "TorchPolicy.evaluate": {
                                            "total": 5765.880121295586,
                                            "count": 4771402,
                                            "self": 1273.0325832933695,
                                            "children": {
                                                "TorchPolicy.sample_actions": {
                                                    "total": 4492.847538002216,
                                                    "count": 4771402,
                                                    "self": 4492.847538002216
                                                }
                                            }
                                        }
                                    }
                                },
                                "workers": {
                                    "total": 52.61773609759946,
                                    "count": 4815593,
                                    "self": 0.0,
                                    "children": {
                                        "worker_root": {
                                            "total": 37503.66165779722,
                                            "count": 4815593,
                                            "is_parallel": true,